Brands,Mileage
Apollo,32998
Apollo,36435
Apollo,32777
Apollo,37637
Apollo,36304
Apollo,35915
Apollo,34.7
Apollo,32379
Apollo,33631
Apollo,36419
Apollo,36.43
Apollo,34836
Apollo,38328
Apollo,30623
Apollo,32575
Bridgestone,33523
Bridgestone,31995
Bridgestone,35006
Bridgestone,27879
Bridgestone,31297
Bridgestone,31062
Bridgestone,34838
Bridgestone,33976
Bridgestone,32552
Bridgestone,30881
Bridgestone,28144
Bridgestone,29184
Bridgestone,33075
Bridgestone,32365
Bridgestone,30925
CEAT,34.4456498808749
CEAT,32.8065811516262
CEAT,33.4149893917138
CEAT,36.8611766884671
CEAT,36.9727672389126
CEAT,35.0814498332203
CEAT,34.9541220384816
CEAT,33.4751589359409
CEAT,30.427483065935
CEAT,36.1339200264977
CEAT,34.7833594132784
CEAT,36.1167474740346
CEAT,41.05
CEAT,32.1684525689223
CEAT,32.7262431962434
Falken,39596
Falken,38937
Falken,36124
Falken,37695
Falken,36586
Falken,35967
Falken,36737
Falken,34.31
Falken,40252
Falken,37382
Falken,40663
Falken,37095
Falken,38005
Falken,37756
Falken,37265
